Abigail;Feminino
Ada;Feminino
Adah;Feminino
Adelaide;Feminino
Adeline;Feminino
Adriana;Feminino
Ágata;Feminino
Agatha;Feminino
Agnes;Feminino
Alana;Feminino
Alessandra;Feminino
Alice;Feminino
Alícia;Feminino
Aline;Feminino
Allana;Feminino
Amália;Feminino
Amanda;Feminino
Amara;Feminino
Amélia;Feminino
Ana;Feminino
Ana Beatriz;Feminino
Ana Cecília;Feminino
Ana Clara;Feminino
Ana Júlia;Feminino
Ana Laura;Feminino
Ana Lívia;Feminino
Ana Liz;Feminino
Ana Luiza;Feminino
Ana Paula;Feminino
Ana Sophia;Feminino
Ana Vitória1;Feminino
Anabela;Feminino
Analice;Feminino
Analu;Feminino
Ângela;Feminino
Angelina;Feminino
Anita;Feminino
Anna;Feminino
Antonella;Feminino
Aparecida;Feminino
Ariana;Feminino
Ariela;Feminino
Astrid;Feminino
Aurelia;Feminino
Aurora;Feminino
Ava;Feminino
Ayla;Feminino
Bárbara;Feminino
Beatriz;Feminino
Beatriz;Feminino
Bella;Feminino
Berenice;Feminino
Bianca;Feminino
Brenda;Feminino
Bruna;Feminino
Camila;Feminino
Carla;Feminino
Carolina;Feminino
Catarina;Feminino
Cecília;Feminino
Charlotte;Feminino
Chloe;Feminino
Cintia;Feminino
Clara;Feminino
Clarice;Feminino
Clarisse;Feminino
Claudia;Feminino
Cloe;Feminino
Cora;Feminino
Cristiana;Feminino
Cristiane;Feminino
Daniela;Feminino
Daniele;Feminino
Danielle;Feminino
Débora;Feminino
Denise;Feminino
Diana;Feminino
Eduarda;Feminino
Elenor;Feminino
Elisa;Feminino
Eliza;Feminino
Elizabete;Feminino
Elizabeth;Feminino
Elizete;Feminino
Eloá;Feminino
Elodie;Feminino
Eloise;Feminino
Elsie;Feminino
Ema;Feminino
Emanuela;Feminino
Emanuelle;Feminino
Emanuelly;Feminino
Emilia;Feminino
Emilly;Feminino
Esme;Feminino
Estela;Feminino
Ester;Feminino
Esther;Feminino
Eva;Feminino
Evelyn;Feminino
Fabiana;Feminino
Fabrícia;Feminino
Fernanda;Feminino
Flavia;Feminino
Flávia;Feminino
Flora;Feminino
Frey;Feminino
Gabriela;Feminino
Gabrielle;Feminino
Gabrielly;Feminino
Genevieve;Feminino
Giovana;Feminino
Giovanna;Feminino
Gracielle;Feminino
Hazel;Feminino
Helena;Feminino
Heloísa;Feminino
Heloise;Feminino
Hortencia;Feminino
Iara;Feminino
Ilda;Feminino
Ilma;Feminino
Imogen;Feminino
Ingrid;Feminino
Íris;Feminino
Isa;Feminino
Isabel;Feminino
Isabele;Feminino
Isabella;Feminino
Isabelly;Feminino
Isadora;Feminino
Isis;Feminino
Isla;Feminino
Ivy;Feminino
Jade;Feminino
Jane;Feminino
Jaqueline;Feminino
Jessica;Feminino
Joana;Feminino
Joaquina;Feminino
Joyce;Feminino
Julia;Feminino
Júlia;Feminino
Juliana;Feminino
Karol;Feminino
Kelcione;Feminino
Laila;Feminino
Laís;Feminino
Lara;Feminino
Larissa;Feminino
Laura;Feminino
Lavínia;Feminino
Leila;Feminino
Letícia;Feminino
Lia;Feminino
Lídice;Feminino
Lis;Feminino
Lívia;Feminino
Liz;Feminino
Lorena;Feminino
Louise;Feminino
Luana;Feminino
Lucia;Feminino
Luciana;Feminino
Lucy;Feminino
Luisa;Feminino
Luiza;Feminino
Luna;Feminino
Madalena;Feminino
Maeve;Feminino
Maísa;Feminino
Maisie;Feminino
Maitê;Feminino
Malu;Feminino
Manuela;Feminino
Marcela;Feminino
Marcia;Feminino
Margarete;Feminino
Margarida;Feminino
Maria;Feminino
Maria Alice;Feminino
Maria Cecília;Feminino
Maria Clara;Feminino
Maria Eduarda;Feminino
Maria Emília;Feminino
Maria Fernanda;Feminino
Maria Flor;Feminino
Maria Helena;Feminino
Maria Heloísa;Feminino
Maria Isis;Feminino
Maria Júlia;Feminino
Maria Laura;Feminino
Maria Luiza;Feminino
Maria Rosa;Feminino
Maria Sophia;Feminino
Maria Valentina;Feminino
Maria Vitória;Feminino
Mariah;Feminino
Mariana;Feminino
Marina;Feminino
Marisa;Feminino
Mariza;Feminino
Marta;Feminino
Matilde;Feminino
Maya;Feminino
Melanie;Feminino
Melina;Feminino
Melinda;Feminino
Melissa;Feminino
Mia;Feminino
Micaela;Feminino
Milena;Feminino
Milene;Feminino
Mirella;Feminino
Miriam;Feminino
Mônica;Feminino
Morgana;Feminino
Nádia;Feminino
Naomi;Feminino
Natália;Feminino
Nicole;Feminino
Nicole;Feminino
Nilce;Feminino
Nora;Feminino
Olívia;Feminino
Ophelia;Feminino
Paloma;Feminino
Pâmela;Feminino
Paola;Feminino
Patrícia;Feminino
Paula;Feminino
Penelope;Feminino
Pérola;Feminino
Phoebe;Feminino
Pietra;Feminino
Rafaela;Feminino
Raquel;Feminino
Rebeca;Feminino
Rita;Feminino
Roberta;Feminino
Rosa;Feminino
Rosana;Feminino
Rosângela;Feminino
Rose;Feminino
Sabina;Feminino
Sabrina;Feminino
Sara;Feminino
Sarah;Feminino
Sharon;Feminino
Sheila;Feminino
Sofia;Feminino
Sophia;Feminino
Stella;Feminino
Sueli;Feminino
Teresa;Feminino
Thea;Feminino
Tifanni;Feminino
Valentina;Feminino
Vilma;Feminino
Violet;Feminino
Violeta;Feminino
Vitória;Feminino
Yasmin;Feminino
Zoe;Feminino
