Aaron;Masculino
Alberto;Masculino
Alexandre;Masculino
Alvaro;Masculino
Amarildo;Masculino
Anacleto;Masculino
André;Masculino
Anthony;Masculino
Anthony Gabriel;Masculino
Antônio;Masculino
Arlo;Masculino
Arthur;Masculino
Arthur Gabriel;Masculino
Arthur Henrique;Masculino
Arthur Miguel;Masculino
Artur;Masculino
Aryan;Masculino
Asher;Masculino
Atlas;Masculino
Atticus;Masculino
Augusto;Masculino
Axel;Masculino
Benício;Masculino
Benjamin;Masculino
Bento;Masculino
Bernardo;Masculino
Beto;Masculino
Bodhi;Masculino
Breno;Masculino
Bruno;Masculino
Bryan;Masculino
Caio;Masculino
Caleb;Masculino
Calebe;Masculino
Carlos;Masculino
Carlos Eduardo;Masculino
Cassius;Masculino
Cauã;Masculino
Charles;Masculino
Charlie;Masculino
Cristian;Masculino
Cristiano;Masculino
Daniel;Masculino
Danilo;Masculino
Davi;Masculino
Davi Lucas;Masculino
Davi Lucca;Masculino
Davi Luiz;Masculino
Davi Miguel;Masculino
Declan;Masculino
Derick;Masculino
Dinei;Masculino
Edivaldo;Masculino
Eduardo;Masculino
Eli;Masculino
Elijah;Masculino
Elio;Masculino
Emanuel;Masculino
Emmett;Masculino
Enrico;Masculino
Enzo;Masculino
Enzo Gabriel;Masculino
Erick;Masculino
Ethan;Masculino
Ezra;Masculino
Fabiano;Masculino
Fabrício;Masculino
Felipe;Masculino
Felix;Masculino
Fellipe;Masculino
Ferdinando;Masculino
Fernando;Masculino
Finn;Masculino
Flávio;Masculino
Francisco;Masculino
Gabriel;Masculino
Gael;Masculino
Giovane;Masculino
Guilherme;Masculino
Gustavo;Masculino
Harry;Masculino
Heitor;Masculino
Hélio;Masculino
Henrique;Masculino
Henry;Masculino
Igor;Masculino
Isaac;Masculino
Jack;Masculino
James;Masculino
Jasper;Masculino
Jayden;Masculino
João;Masculino
João Gabriel;Masculino
João Guilherme;Masculino
João Lucas;Masculino
João Miguel;Masculino
João Pedro;Masculino
João Vitor;Masculino
Joaquim;Masculino
Jonatas;Masculino
José;Masculino
Juan;Masculino
Juarez;Masculino
Julian;Masculino
Juliano;Masculino
Juliano;Masculino
Julio;Masculino
Kai;Masculino
Kaique;Masculino
Kauê;Masculino
Leandro;Masculino
Leo;Masculino
Leonardo;Masculino
Levi;Masculino
Liam;Masculino
Lionel;Masculino
Lorenzo;Masculino
Louis;Masculino
Luan;Masculino
Lucas;Masculino
Lucas Gabriel;Masculino
Lucca;Masculino
Luciano;Masculino
Luigi;Masculino
Luiz;Masculino
Luiz Felipe;Masculino
Luiz Gustavo;Masculino
Luiz Henrique;Masculino
Luiz Miguel;Masculino
Luiz Otávio;Masculino
Manuel;Masculino
Marco;Masculino
Martim;Masculino
Matheus;Masculino
Mathias;Masculino
Maurício;Masculino
Mauro;Masculino
Maxmino;Masculino
Maxwel;Masculino
Michael;Masculino
Miguel;Masculino
Miguel Henrique;Masculino
Miles;Masculino
Milo;Masculino
Murilo;Masculino
Nathan;Masculino
Neimar;Masculino
Nicolas;Masculino
Nilson;Masculino
Noah;Masculino
Norberto;Masculino
Oliver;Masculino
Oscar;Masculino
Otávio;Masculino
Pablo;Masculino
Paolo;Masculino
Patrick;Masculino
Paulo;Masculino
Pedro;Masculino
Pedro Henrique;Masculino
Pedro Lucas;Masculino
Pedro Miguel;Masculino
Pietro;Masculino
Rafael;Masculino
Raphael;Masculino
Raul;Masculino
Ravi;Masculino
Renato;Masculino
Roberto;Masculino
Rodrigo;Masculino
Rogério;Masculino
Ronaldo;Masculino
Ruan;Masculino
Ryan;Masculino
Samuel;Masculino
Sávio;Masculino
Sebastian;Masculino
Sebastião;Masculino
Silas;Masculino
Silvio;Masculino
Soren;Masculino
Teófilo;Masculino
Thales;Masculino
Theo;Masculino
Théo;Masculino
Theodore;Masculino
Theodoro;Masculino
Thiago;Masculino
Thomas;Masculino
Tiago;Masculino
Tomás;Masculino
Ugo;Masculino
Umberto;Masculino
Valentim;Masculino
Valter;Masculino
Vicente;Masculino
Victor;Masculino
Vinícius;Masculino
Vitor;Masculino
Vitor Hugo;Masculino
Walter;Masculino
Wanderson;Masculino
William;Masculino
Wilson;Masculino
Yan;Masculino
Yuri;Masculino
